name,email,year,month,day
Test,test@email.com,1961,12,21
Marco,marco@gmail.com,1900,1,2
Mark,mark@gmail.com,1950,2,3
Marcus,marcus@gmail.com,2000,3,4
Marcos,marcos@gmail.com,2010,4,5
Marky,marky@gmail.com,2020,6,23
Marky1,marky@gmail.com,2020,6,23
Marky2,marky@gmail.com,2020,6,23
Marky3,marky@gmail.com,2020,6,23
Marky4,marky@gmail.com,2020,6,23
Marky5,marky@gmail.com,2020,6,23
Marcos1,marcos@gmail.com,2010,4,5
Marcos2,marcos@gmail.com,2010,6,23
Marcos3,marcos@gmail.com,2010,6,23
Marcos4,marcos@gmail.com,2010,6,23
Marcos5,marcos@gmail.com,2010,6,23
Marcos6,marcos@gmail.com,2010,6,23
Test-t,test@email.com,2023,12,21
Marco-t,marco@gmail.com,2023,6,23
Mark-t,mark@gmail.com,2023,2,3
Marcus-t,marcus@gmail.com,2023,6,23
Marcos-t,marcos@gmail.com,2023,4,5
